position,token,surprisal_bits,category
0,R,nan,true_boilerplate
1,etro,18.589170455932617,clinical_entity
2,ph,8.048421859741211,medical_vocabulary
3,ary,2.9236753107397817e-05,medical_vocabulary
4,nge,0.0002189173101214692,medical_vocabulary
5,al,8.168944623321295e-05,true_boilerplate
6, Ha,21.36285972595215,medical_vocabulary
7,emat,3.22890305519104,clinical_entity
8,oma,5.675416105077602e-06,medical_vocabulary
9, —,12.528160095214844,medical_vocabulary
10, An,5.0140557289123535,true_boilerplate
11, Un,2.0978310108184814,medical_vocabulary
12,usual,1.4587368965148926,medical_vocabulary
13, Ble,12.829015731811523,medical_vocabulary
14,eding,0.00150681275408715,medical_vocabulary
15, Site,5.354528903961182,true_boilerplate
16, in,0.7857391238212585,true_boilerplate
17, an,2.873206377029419,true_boilerplate
18, Ant,8.040121078491211,medical_vocabulary
19,ico,0.00773307541385293,medical_vocabulary
20,ag,1.0490903150639497e-05,medical_vocabulary
21,ulated,0.034702595323324203,medical_vocabulary
22, Patient,0.05673329159617424,medical_vocabulary
23,:,3.820788860321045,true_boilerplate
24, A,0.27065420150756836,true_boilerplate
25, Case,0.0070363376289606094,true_boilerplate
26, Report,0.010163204744458199,true_boilerplate
27,"

",0.5037501454353333,true_boilerplate
28,Se,11.866052627563477,medical_vocabulary
29,ema,19.668336868286133,medical_vocabulary
30, Sr,9.965677261352539,medical_vocabulary
31,iv,0.012565549463033676,medical_vocabulary
32,ast,0.0019850332755595446,medical_vocabulary
33,ava,0.018980151042342186,medical_vocabulary
34, and,5.64693021774292,true_boilerplate
35, Tar,8.75778865814209,medical_vocabulary
36,un,0.13987605273723602,medical_vocabulary
37, Sol,11.677767753601074,medical_vocabulary
38,ank,0.03483455255627632,medical_vocabulary
39,i,0.0009287512511946261,true_boilerplate
40,"
",4.739163398742676,true_boilerplate
41,Ta,17.203447341918945,medical_vocabulary
42,un,0.555229663848877,medical_vocabulary
43,ton,0.0030475789681077003,medical_vocabulary
44, and,2.552415370941162,true_boilerplate
45, Somerset,0.009890279732644558,medical_vocabulary
46, Foundation,8.997310638427734,medical_vocabulary
47, Trust,0.04064089432358742,true_boilerplate
48,",",0.08255254477262497,true_boilerplate
49, Mus,17.412593841552734,medical_vocabulary
50,gro,0.24723957479000092,medical_vocabulary
51,ve,5.331452484824695e-06,medical_vocabulary
52, Park,4.402688500704244e-05,true_boilerplate
53, Hospital,0.0017576235113665462,true_boilerplate
54,",",0.023649122565984726,true_boilerplate
55, Ta,0.4266241192817688,medical_vocabulary
56,un,-0.0,medical_vocabulary
57,ton,1.2038780141665484e-06,medical_vocabulary
58,",",0.044882673770189285,true_boilerplate
59, Somerset,4.52380895614624,medical_vocabulary
60,",",0.10556359589099884,true_boilerplate
61, UK,0.3592711389064789,true_boilerplate
62,"
",2.6085479259490967,true_boilerplate
63,Published,8.586185455322266,true_boilerplate
64, ,5.247721195220947,true_boilerplate
65,2,0.9398847222328186,numeric
66, November,11.578595161437988,true_boilerplate
67, ,0.005465732887387276,true_boilerplate
68,2,0.0005125891766510904,numeric
69,0,1.3414583918347489e-05,numeric
70,0,6.115058898925781,numeric
71,8,2.249748945236206,numeric
72,"

",1.122484564781189,true_boilerplate
73,Background,5.034607887268066,medical_vocabulary
74,"

",5.560226917266846,true_boilerplate
75,Or,9.669197082519531,true_boilerplate
76,al,0.011433896608650684,true_boilerplate
77, ant,0.11699827015399933,medical_vocabulary
78,ico,6.879304237372708e-07,medical_vocabulary
79,ag,8.599129728281696e-07,medical_vocabulary
80,ulation,1.4758085012435913,clinical_entity
81, is,0.5855890512466431,true_boilerplate
82, commonly,1.6652476787567139,medical_vocabulary
83, used,0.12460648268461227,true_boilerplate
84, in,0.3762936592102051,true_boilerplate
85, patients,0.930679202079773,medical_vocabulary
86, with,0.10747650265693665,true_boilerplate
87, atr,0.46681082248687744,medical_vocabulary
88,ial,0.00044571017497219145,medical_vocabulary
89, fibr,0.01034011784940958,clinical_entity
90,illation,3.044060940737836e-05,clinical_entity
91, for,7.986923694610596,true_boilerplate
92, the,1.1902062892913818,true_boilerplate
93, prevention,0.03769909217953682,medical_vocabulary
94, of,0.006305702030658722,true_boilerplate
95, emb,4.602919578552246,medical_vocabulary
96,olic,0.46592405438423157,medical_vocabulary
97, complications,4.128137111663818,medical_vocabulary
98,.,0.16250181198120117,true_boilerplate
99, Ble,4.691855430603027,medical_vocabulary
100,eding,2.35614315897692e-05,medical_vocabulary
101, is,0.6546781063079834,true_boilerplate
102, the,2.754793882369995,true_boilerplate
103, most,0.5952330827713013,true_boilerplate
104, common,0.2761758267879486,true_boilerplate
105, complication,0.4183582365512848,medical_vocabulary
106, of,0.5976113677024841,true_boilerplate
107, this,5.627302169799805,true_boilerplate
108, treatment,1.4635207653045654,true_boilerplate
109,.,0.5805767178535461,true_boilerplate
110, One,8.26533031463623,true_boilerplate
111, study,11.534890174865723,true_boilerplate
112, following,14.067924499511719,true_boilerplate
113, ,0.4907549321651459,true_boilerplate
114,3,2.9552924633026123,numeric
115,9,4.904069900512695,numeric
116,5,3.7471535205841064,numeric
117,8,4.351055145263672,numeric
118, patients,0.04990736022591591,medical_vocabulary
119, on,1.2147789001464844,true_boilerplate
120, war,2.2666423320770264,true_boilerplate
121,far,5.8473983699514065e-06,true_boilerplate
122,in,7.051271495583933e-06,true_boilerplate
123, reported,2.2586779594421387,true_boilerplate
124, an,3.2946619987487793,true_boilerplate
125, incidence,0.8719834089279175,medical_vocabulary
126, of,0.021091634407639503,true_boilerplate
127, bleeding,3.5703213214874268,medical_vocabulary
128, requiring,8.247907638549805,medical_vocabulary
129, hospital,0.7422162294387817,true_boilerplate
130,ization,1.4372915029525757,medical_vocabulary
131, of,0.6627574563026428,true_boilerplate
132, ,0.20812717080116272,true_boilerplate
133,2,2.95591402053833,numeric
134,.,0.2843121290206909,true_boilerplate
135,6,3.0726797580718994,numeric
136, per,3.556091785430908,true_boilerplate
137, ,0.08613913506269455,true_boilerplate
138,1,4.075931428815238e-05,numeric
139,0,0.00017695929273031652,numeric
140,0,4.3510954128578305e-05,numeric
141, patient,0.46739667654037476,medical_vocabulary
142, years,1.0667959451675415,true_boilerplate
143,.,0.2854212522506714,true_boilerplate
144, Although,4.2616424560546875,true_boilerplate
145, the,1.706325888633728,true_boilerplate
146, retro,6.609437465667725,clinical_entity
147,ph,1.4102507520874497e-05,medical_vocabulary
148,ary,1.5994297427823767e-05,medical_vocabulary
149,nge,6.879289685457479e-06,medical_vocabulary
150,al,-0.0,true_boilerplate
151, space,0.04639098793268204,true_boilerplate
152, is,0.03555155545473099,true_boilerplate
153, an,3.292647123336792,true_boilerplate
154, uncommon,0.8292352557182312,medical_vocabulary
155, site,0.19757698476314545,true_boilerplate
156, for,1.096177339553833,true_boilerplate
157, bleeding,2.601649045944214,medical_vocabulary
158, complications,11.408225059509277,medical_vocabulary
159,",",0.06451170891523361,true_boilerplate
160, a,4.771700859069824,true_boilerplate
161, ha,3.7805349826812744,medical_vocabulary
162,emat,0.0045911590568721294,clinical_entity
163,oma,2.5797373837121995e-06,medical_vocabulary
164, here,4.2829270362854,true_boilerplate
165, can,1.0136611461639404,true_boilerplate
166, expand,13.270559310913086,medical_vocabulary
167, almost,15.339016914367676,true_boilerplate
168, unrestricted,8.297720909118652,medical_vocabulary
169,ly,0.9605468511581421,medical_vocabulary
170, and,1.7372936010360718,true_boilerplate
171, rapidly,6.200440406799316,medical_vocabulary
172, lead,4.452625751495361,true_boilerplate
173, to,0.00017076866060961038,true_boilerplate
174, upper,6.308722019195557,medical_vocabulary
175, air,0.0011968465987592936,true_boilerplate
176,way,0.000126229744637385,true_boilerplate
177, obstruction,0.09092973172664642,medical_vocabulary
178,.,1.0460538864135742,true_boilerplate
179, We,2.788489580154419,true_boilerplate
180, report,1.115627408027649,true_boilerplate
181, the,3.3026416301727295,true_boilerplate
182, case,0.05945536866784096,true_boilerplate
183, of,0.0005896079819649458,true_boilerplate
184, retro,9.930997848510742,clinical_entity
185,ph,8.083161446847953e-06,medical_vocabulary
186,ary,1.0318922250007745e-05,medical_vocabulary
187,nge,1.633825922908727e-05,medical_vocabulary
188,al,1.530637382529676e-05,true_boilerplate
189, ha,0.0024806077126413584,medical_vocabulary
190,emat,0.012441257014870644,clinical_entity
191,oma,3.267666670581093e-06,medical_vocabulary
192, in,0.2316855639219284,true_boilerplate
193, a,0.8352641463279724,true_boilerplate
194, patient,0.3023095428943634,medical_vocabulary
195, on,0.23030604422092438,true_boilerplate
196, war,1.563507318496704,true_boilerplate
197,far,-0.0,true_boilerplate
198,in,0.008996337652206421,true_boilerplate
199,",",2.8028564453125,true_boilerplate
200, as,7.143794059753418,true_boilerplate
201, a,1.327868938446045,true_boilerplate
202, result,6.2670745849609375,true_boilerplate
203, of,0.0005131049547344446,true_boilerplate
204, a,1.4493491649627686,true_boilerplate
205, fall,7.242583751678467,clinical_entity
206,".

",2.1664555072784424,true_boilerplate
207,Case,0.035452719777822495,true_boilerplate
208, Presentation,3.859872341156006,clinical_entity
209,"

",0.0070043327286839485,true_boilerplate
210,An,4.078333854675293,true_boilerplate
211, ,0.12688308954238892,true_boilerplate
212,8,0.007949966937303543,numeric
213,5,3.8279073238372803,numeric
214, years,9.104589462280273,true_boilerplate
215, old,0.04382915422320366,true_boilerplate
216, woman,2.8883461952209473,true_boilerplate
217, was,4.393882751464844,true_boilerplate
218, brought,5.134097099304199,true_boilerplate
219, to,0.3988625407218933,true_boilerplate
220, the,0.2124623954296112,true_boilerplate
221, emergency,1.123219609260559,clinical_entity
222, department,0.01314561441540718,clinical_entity
223, after,1.1479010581970215,true_boilerplate
224, collapsing,9.965069770812988,medical_vocabulary
225, at,2.0125925540924072,true_boilerplate
226, home,0.02284323237836361,true_boilerplate
227, with,6.610284328460693,true_boilerplate
228, breathing,13.433616638183594,clinical_entity
229, difficulties,1.0070252418518066,clinical_entity
230,.,0.2833442986011505,true_boilerplate
231, On,5.646302700042725,true_boilerplate
232, arrival,0.7720855474472046,medical_vocabulary
233, she,2.5535480976104736,true_boilerplate
234, was,0.15206584334373474,true_boilerplate
235, dys,10.703103065490723,medical_vocabulary
236,p,0.00045980833237990737,true_boilerplate
237,no,0.032091982662677765,true_boilerplate
238,e,3.5562407970428467,true_boilerplate
239,ic,9.287033208238427e-06,medical_vocabulary
240, with,2.437162399291992,true_boilerplate
241, oxygen,6.592456817626953,clinical_entity
242, saturation,0.09591833502054214,clinical_entity
243, of,0.11879884451627731,true_boilerplate
244, ,0.0015099052106961608,true_boilerplate
245,7,4.448809623718262,numeric
246,5,2.142047643661499,numeric
247,%,0.7159739136695862,numeric
248, on,0.26916563510894775,true_boilerplate
249, room,0.6148247122764587,true_boilerplate
250, air,0.0002656887227203697,true_boilerplate
251, and,3.100630044937134,true_boilerplate
252, a,3.2473697662353516,true_boilerplate
253, respiratory,2.064998149871826,clinical_entity
254, rate,0.00017936676158569753,clinical_entity
255, of,0.004595616366714239,true_boilerplate
256, ,0.0007046128157526255,true_boilerplate
257,4,5.736506462097168,numeric
258,0,0.3410159945487976,numeric
259, per,3.4708406925201416,true_boilerplate
260, minute,0.023987457156181335,medical_vocabulary
261,.,0.03313007205724716,true_boilerplate
262, She,0.7951773405075073,true_boilerplate
263, also,7.551603317260742,true_boilerplate
264, had,0.042174190282821655,true_boilerplate
265, minor,11.394231796264648,medical_vocabulary
266, bru,5.119977951049805,medical_vocabulary
267,ising,9.85426886472851e-05,clinical_entity
268, to,2.0206334590911865,true_boilerplate
269, her,2.336498260498047,true_boilerplate
270, forehead,5.760197639465332,clinical_entity
271, as,9.547780990600586,true_boilerplate
272, a,0.31948357820510864,true_boilerplate
273, result,0.01164767425507307,true_boilerplate
274, of,0.0002737704198807478,true_boilerplate
275, her,4.604428291320801,true_boilerplate
276, fall,0.016831235960125923,clinical_entity
277,.,0.07790771871805191,true_boilerplate
278, She,0.7190645337104797,true_boilerplate
279, had,0.6937305927276611,true_boilerplate
280, a,0.8212199211120605,true_boilerplate
281, past,3.278956413269043,true_boilerplate
282, history,2.1682004928588867,true_boilerplate
283, of,0.000509150791913271,true_boilerplate
284, a,7.845825672149658,true_boilerplate
285, por,13.993873596191406,medical_vocabulary
286,c,0.0050116307102143764,true_boilerplate
287,ine,1.0318955219190684e-06,medical_vocabulary
288, a,2.2387070655822754,true_boilerplate
289,ortic,1.272665940632578e-05,clinical_entity
290, valve,0.001331906532868743,clinical_entity
291, replacement,0.23852574825286865,clinical_entity
292, ,2.032257080078125,true_boilerplate
293,1,1.2819408178329468,numeric
294,7,6.613027095794678,numeric
295, years,0.007129266392439604,true_boilerplate
296, previously,2.7340469360351562,medical_vocabulary
297,",",0.9334743618965149,true_boilerplate
298, hypertension,6.602423667907715,clinical_entity
299, and,2.1725034713745117,true_boilerplate
300, atr,0.46982085704803467,medical_vocabulary
301,ial,2.4421327907475643e-05,medical_vocabulary
302, fibr,0.011391240172088146,clinical_entity
303,illation,1.926192817336414e-05,clinical_entity
304, for,2.407663345336914,true_boilerplate
305, which,0.09750879555940628,true_boilerplate
306, she,0.003241324797272682,true_boilerplate
307, was,0.09241632372140884,true_boilerplate
308, on,0.20734669268131256,true_boilerplate
309, war,0.1639203429222107,true_boilerplate
310,far,1.7198263435602712e-07,true_boilerplate
311,in,-0.0,true_boilerplate
312,.,0.7274104356765747,true_boilerplate
313, On,2.10432505607605,true_boilerplate
314, examination,0.9314744472503662,medical_vocabulary
315, she,1.2729477882385254,true_boilerplate
316, was,0.6975043416023254,true_boilerplate
317, t,2.1382546424865723,true_boilerplate
318,ach,1.3242603927210439e-05,medical_vocabulary
319,yc,0.5586676001548767,medical_vocabulary
320,ard,1.7198263435602712e-07,medical_vocabulary
321,ic,3.783568536164239e-05,medical_vocabulary
322,",",1.0551397800445557,true_boilerplate
323, hypert,4.850800514221191,clinical_entity
324,ensive,2.7860918635269627e-05,medical_vocabulary
325, and,1.5981247425079346,true_boilerplate
326, her,5.190963268280029,true_boilerplate
327, jug,6.368291854858398,medical_vocabulary
328,ular,0.00020653638057410717,clinical_entity
329, ven,0.5083380937576294,medical_vocabulary
330,ous,0.0016085165552794933,medical_vocabulary
331, pressure,0.026687216013669968,clinical_entity
332, was,0.06598503142595291,true_boilerplate
333, elevated,2.0261728763580322,medical_vocabulary
334,.,0.10022921860218048,true_boilerplate
335, She,1.4332332611083984,true_boilerplate
336, had,0.3963233530521393,true_boilerplate
337, coarse,10.576359748840332,medical_vocabulary
338, crack,0.24279628694057465,clinical_entity
339,les,0.0006294911145232618,medical_vocabulary
340, throughout,4.929620742797852,medical_vocabulary
341, both,1.229227066040039,true_boilerplate
342, lungs,0.8717015981674194,medical_vocabulary
343,.,0.9735108017921448,true_boilerplate
344, Ar,8.451874732971191,medical_vocabulary
345,ter,1.7198254909089883e-06,medical_vocabulary
346,ial,2.407755118838395e-06,medical_vocabulary
347, blood,0.010927393101155758,clinical_entity
348, gases,1.768093228340149,medical_vocabulary
349, on,2.7839877605438232,true_boilerplate
350, ,2.133391857147217,true_boilerplate
351,1,0.4066949784755707,numeric
352,5,2.7633957862854004,numeric
353, litres,4.356805324554443,medical_vocabulary
354, oxygen,4.298227310180664,clinical_entity
355, showed,0.2895165979862213,medical_vocabulary
356, severe,6.809054374694824,medical_vocabulary
357, type,7.1091461181640625,clinical_entity
358, ,0.5721732974052429,true_boilerplate
359,2,4.743987083435059,numeric
360, respiratory,0.006338407285511494,clinical_entity
361, failure,0.0009971546242013574,clinical_entity
362, with,1.117438554763794,true_boilerplate
363, pH,2.086275339126587,medical_vocabulary
364, of,2.3177878856658936,true_boilerplate
365, ,0.00028322762227617204,true_boilerplate
366,7,0.07952042669057846,numeric
367,.,0.0024696195032447577,true_boilerplate
368,1,2.5398387908935547,numeric
369,5,3.0728907585144043,numeric
370,",",0.3032084107398987,true_boilerplate
371, p,1.2947051525115967,true_boilerplate
372,CO,0.30135035514831543,true_boilerplate
373,2,0.012279437854886055,numeric
374, ,3.391296863555908,true_boilerplate
375,9,3.516312599182129,numeric
376,.,0.20045579969882965,true_boilerplate
377,1,3.8736660480499268,numeric
378,2,11.678914070129395,numeric
379,",",4.424450874328613,true_boilerplate
380, p,0.10621466487646103,true_boilerplate
381,O,0.004971697460860014,true_boilerplate
382,2,0.00012244645040482283,numeric
383, ,0.08077491819858551,true_boilerplate
384,1,2.8970401287078857,numeric
385,0,1.9540657997131348,numeric
386,.,0.3356958031654358,true_boilerplate
387,2,3.0126514434814453,numeric
388,2,6.675905704498291,numeric
389, and,1.0920848846435547,true_boilerplate
390, bic,1.3146194219589233,medical_vocabulary
391,arbonate,0.002342736115679145,clinical_entity
392, of,0.5810672640800476,true_boilerplate
393, ,0.00010352984099881724,true_boilerplate
394,2,0.5621925592422485,numeric
395,2,2.866429567337036,numeric
396,.,0.2201816886663437,true_boilerplate
397,8,3.1247870922088623,numeric
398, mm,1.380474328994751,medical_vocabulary
399,ol,0.015727423131465912,medical_vocabulary
400,/l,0.9348320364952087,true_boilerplate
401,.,0.09654191881418228,true_boilerplate
402, Laboratory,13.994566917419434,medical_vocabulary
403, results,1.766535758972168,true_boilerplate
404, showed,0.4239583909511566,medical_vocabulary
405, a,1.5805919170379639,true_boilerplate
406, ha,3.41959285736084,medical_vocabulary
407,em,0.00970664992928505,medical_vocabulary
408,oglobin,4.677852484746836e-05,clinical_entity
409, of,0.028838708996772766,true_boilerplate
410, ,0.0001874489098554477,true_boilerplate
411,1,0.4851853549480438,numeric
412,1,1.7545050382614136,numeric
413,.,0.6599778532981873,true_boilerplate
414,9,3.7225306034088135,numeric
415, g,0.12049655616283417,numeric
416,/d,0.02691967785358429,true_boilerplate
417,L,3.3909292221069336,numeric
418, and,1.9816516637802124,true_boilerplate
419, IN,1.2931392192840576,true_boilerplate
420,R,6.10525457886979e-05,true_boilerplate
421, of,0.08498416095972061,true_boilerplate
422, ,0.0008318122127093375,true_boilerplate
423,4,3.5621602535247803,numeric
424,.,0.0004372855764813721,true_boilerplate
425,9,4.732681751251221,numeric
426,.,0.18963290750980377,true_boilerplate
427, E,8.904557228088379,true_boilerplate
428,CG,0.839593231678009,medical_vocabulary
429, showed,0.2863209843635559,medical_vocabulary
430, atr,0.8638194799423218,medical_vocabulary
431,ial,1.1866753993672319e-05,medical_vocabulary
432, fibr,0.005554994102567434,clinical_entity
433,illation,2.0293809939175844e-05,clinical_entity
434,",",5.67301082611084,true_boilerplate
435, right,9.364107131958008,clinical_entity
436, bundle,0.3858465850353241,clinical_entity
437, branch,0.016492070630192757,clinical_entity
438, block,0.0005569442873820662,clinical_entity
439, and,0.3288496434688568,true_boilerplate
440, widespread,8.746992111206055,medical_vocabulary
441, ST,0.2765711545944214,true_boilerplate
442, depression,1.831234097480774,clinical_entity
443,.,0.1392912119626999,true_boilerplate
444, Find,11.597222328186035,true_boilerplate
445,ings,1.3758605064140284e-06,medical_vocabulary
446, on,1.3586539030075073,true_boilerplate
447, chest,0.9120234847068787,medical_vocabulary
448, radi,2.4742953777313232,medical_vocabulary
449,ograph,0.4583246111869812,medical_vocabulary
450, were,1.2760329246520996,true_boilerplate
451, compatible,6.433974266052246,medical_vocabulary
452, with,0.00027789719752036035,true_boilerplate
453, pulmonary,1.384781002998352,clinical_entity
454, o,0.14223484694957733,true_boilerplate
455,ed,1.633825922908727e-05,medical_vocabulary
456,ema,1.7198254909089883e-06,medical_vocabulary
457,.,0.33209800720214844,true_boilerplate
458, She,2.930952310562134,true_boilerplate
459, was,0.32735130190849304,true_boilerplate
460, commenced,3.286769390106201,medical_vocabulary
461, on,0.0019213140476495028,true_boilerplate
462, a,6.866959571838379,true_boilerplate
463, nit,14.073264122009277,medical_vocabulary
464,rate,0.8676691651344299,clinical_entity
465, infusion,0.050507981330156326,medical_vocabulary
466,",",1.5729378461837769,true_boilerplate
467, intr,2.415895700454712,medical_vocabulary
468,avenous,1.3414583918347489e-05,medical_vocabulary
469, di,9.977967262268066,medical_vocabulary
470,ure,0.0019149592844769359,medical_vocabulary
471,tics,0.0379771962761879,clinical_entity
472, and,0.693010687828064,true_boilerplate
473, Bi,14.123618125915527,medical_vocabulary
474,-level,12.805105209350586,true_boilerplate
475, Positive,1.8749951124191284,medical_vocabulary
476, Air,0.02394026331603527,true_boilerplate
477,way,0.00034065739600919187,true_boilerplate
478, Pressure,0.0003205400425940752,clinical_entity
479, ventilation,8.085735321044922,clinical_entity
480,.,0.35476940870285034,true_boilerplate
481, Her,3.5251100063323975,true_boilerplate
482, condition,3.4013149738311768,medical_vocabulary
483, improved,4.167130470275879,medical_vocabulary
484, rapidly,6.242203235626221,medical_vocabulary
485, and,2.203871965408325,true_boilerplate
486, the,7.33006477355957,true_boilerplate
487, Bi,8.014222145080566,medical_vocabulary
488,-level,0.05825288966298103,true_boilerplate
489, Positive,0.3725701868534088,medical_vocabulary
490, Air,0.00045172771206125617,true_boilerplate
491,way,1.2038780141665484e-06,true_boilerplate
492, Pressure,0.00015288447320926934,clinical_entity
493, ventilation,4.122889995574951,clinical_entity
494, was,0.010770524851977825,true_boilerplate
495, discontinued,1.1405292749404907,medical_vocabulary
496,.,0.8645806908607483,true_boilerplate
497, An,7.645308971405029,true_boilerplate
498, hour,6.892096042633057,numeric
499, later,0.6702516674995422,clinical_entity
500, her,6.393063068389893,true_boilerplate
501, breathing,2.4903383255004883,clinical_entity
502, deterior,3.1744439601898193,clinical_entity
503,ated,6.139650213299319e-05,clinical_entity
504, and,2.0463976860046387,true_boilerplate
505, she,0.11278898268938065,true_boilerplate
506, newly,22.56795310974121,medical_vocabulary
507, developed,0.007364558521658182,medical_vocabulary
508, str,0.0822315663099289,medical_vocabulary
509,idor,0.0009473133250139654,clinical_entity
510,.,0.6843495965003967,true_boilerplate
511, She,2.140129566192627,true_boilerplate
512, was,0.2828650176525116,true_boilerplate
513, noted,7.112050533294678,medical_vocabulary
514, to,0.0024679028429090977,true_boilerplate
515, have,0.0707457959651947,true_boilerplate
516, developed,8.333169937133789,medical_vocabulary
517, bru,13.779030799865723,medical_vocabulary
518,ising,5.93327968090307e-05,clinical_entity
519, of,3.350684881210327,true_boilerplate
520, the,0.09873442351818085,true_boilerplate
521, neck,1.1435545682907104,clinical_entity
522,.,2.006636381149292,true_boilerplate
523, Urg,7.21666145324707,medical_vocabulary
524,ent,8.323719521285966e-05,medical_vocabulary
525, nas,13.106553077697754,medical_vocabulary
526,o,1.9275853633880615,true_boilerplate
527,end,0.497018426656723,true_boilerplate
528,os,0.005951378494501114,medical_vocabulary
529,copy,7.223252850963036e-06,medical_vocabulary
530, showed,1.5177764892578125,medical_vocabulary
531, a,0.29803067445755005,true_boilerplate
532, normal,13.108663558959961,clinical_entity
533, l,1.7674709558486938,numeric
534,ary,2.751719648586004e-06,medical_vocabulary
535,nx,0.008034457452595234,medical_vocabulary
536, with,2.5193049907684326,true_boilerplate
537, a,0.745944619178772,true_boilerplate
538, slight,12.666749000549316,medical_vocabulary
539, bul,5.767199516296387,medical_vocabulary
540,ge,0.07946964353322983,medical_vocabulary
541, narrowing,18.05906105041504,clinical_entity
542, the,0.006408951710909605,true_boilerplate
543, tr,6.398430824279785,medical_vocabulary
544,ache,8.599129728281696e-07,clinical_entity
545,a,0.0262848399579525,true_boilerplate
546, anterior,6.972431182861328,medical_vocabulary
547,ly,0.08035612106323242,medical_vocabulary
548,.,0.4131046533584595,true_boilerplate
549, She,3.6939468383789062,true_boilerplate
550, was,0.26188403367996216,true_boilerplate
551, immediately,2.597066879272461,medical_vocabulary
552, int,0.3318960964679718,medical_vocabulary
553,ub,1.0318955219190684e-06,medical_vocabulary
554,ated,6.879304237372708e-07,clinical_entity
555, and,0.7717729806900024,true_boilerplate
556, ventil,2.591745615005493,clinical_entity
557,ated,3.5599969123722985e-05,clinical_entity
558,.,0.533970296382904,true_boilerplate
559, An,5.630856513977051,true_boilerplate
560, urgent,1.6940057277679443,medical_vocabulary
561, computer,8.063365936279297,medical_vocabulary
562,ized,1.0261964797973633,medical_vocabulary
563, tom,0.0049792383797466755,medical_vocabulary
564,ography,0.05288640409708023,medical_vocabulary
565, (,1.428486943244934,true_boilerplate
566,CT,0.0012267464771866798,medical_vocabulary
567,),0.0020660951267927885,true_boilerplate
568, scan,0.0968053787946701,medical_vocabulary
569, of,0.3764271140098572,true_boilerplate
570, the,0.013435815460979939,true_boilerplate
571, neck,0.022313455119729042,clinical_entity
572, showed,0.4364422559738159,medical_vocabulary
573, a,0.17182870209217072,true_boilerplate
574, large,1.6403990983963013,true_boilerplate
575, retro,0.07592922449111938,clinical_entity
576,ph,5.228177906246856e-05,medical_vocabulary
577,ary,3.112852209596895e-05,medical_vocabulary
578,nge,1.3242603927210439e-05,medical_vocabulary
579,al,-0.0,true_boilerplate
580, ha,0.013496982865035534,medical_vocabulary
581,emat,0.0002947481407318264,clinical_entity
582,oma,-0.0,medical_vocabulary
583, causing,4.679772853851318,medical_vocabulary
584, anterior,5.311016082763672,medical_vocabulary
585, compression,10.650923728942871,medical_vocabulary
586, of,0.018160777166485786,true_boilerplate
587, the,0.034076545387506485,true_boilerplate
588, air,10.461079597473145,true_boilerplate
589,way,0.00029870294383727014,true_boilerplate
590,",",4.4041852951049805,true_boilerplate
591, extending,4.216524600982666,medical_vocabulary
592, into,6.270151615142822,true_boilerplate
593, the,0.03134027123451233,true_boilerplate
594, posterior,5.873409748077393,medical_vocabulary
595, medi,0.657119631767273,medical_vocabulary
596,ast,2.923702140833484e-06,medical_vocabulary
597,in,0.005461107008159161,true_boilerplate
598,um,8.599129728281696e-07,medical_vocabulary
599, and,2.7580313682556152,true_boilerplate
600, terminating,14.073213577270508,medical_vocabulary
601, behind,9.661252975463867,true_boilerplate
602, the,0.0015942577738314867,true_boilerplate
603, left,3.544565439224243,true_boilerplate
604, atr,2.6175408363342285,medical_vocabulary
605,ium,0.0028217099606990814,medical_vocabulary
606,.,0.07568935304880142,true_boilerplate
607, Evidence,15.656553268432617,true_boilerplate
608, of,0.013017963618040085,true_boilerplate
609, pulmonary,10.475844383239746,clinical_entity
610, o,1.967316746711731,true_boilerplate
611,ed,2.0637771740439348e-05,medical_vocabulary
612,ema,1.0318955219190684e-06,medical_vocabulary
613, and,2.8550891876220703,true_boilerplate
614, a,3.0333893299102783,true_boilerplate
615, right,3.599092483520508,clinical_entity
616, ple,6.494490146636963,medical_vocabulary
617,ural,6.8275498051662e-05,clinical_entity
618, eff,0.005302272271364927,medical_vocabulary
619,usion,1.7198263435602712e-07,clinical_entity
620, were,0.5952675938606262,true_boilerplate
621, also,0.06936420500278473,true_boilerplate
622, seen,1.9947558641433716,true_boilerplate
623, on,4.66066837310791,true_boilerplate
624, CT,2.2062158584594727,medical_vocabulary
625,".

",3.8091745376586914,true_boilerplate
626,In,6.767916679382324,true_boilerplate
627,tr,4.145418643951416,medical_vocabulary
628,avenous,5.2797706302953884e-05,medical_vocabulary
629, Vitamin,8.120688438415527,clinical_entity
630, K,0.0014116307720541954,medical_vocabulary
631, at,15.540705680847168,true_boilerplate
632, a,0.859795868396759,true_boilerplate
633, dose,0.3289850652217865,medical_vocabulary
634, of,0.002818276872858405,true_boilerplate
635, ,0.0007369293598458171,true_boilerplate
636,5,3.0480234622955322,numeric
637, mg,1.0901857614517212,numeric
638, and,3.6294405460357666,true_boilerplate
639, Pro,11.791406631469727,medical_vocabulary
640,th,5.331363354343921e-05,medical_vocabulary
641,rom,3.6115903640165925e-05,medical_vocabulary
642,bin,1.1866753993672319e-05,medical_vocabulary
643, Complex,0.25336596369743347,clinical_entity
644, Concent,0.1257576048374176,clinical_entity
645,rates,6.3298659324646,clinical_entity
646, (,0.752545952796936,true_boilerplate
647,P,0.0014798393240198493,true_boilerplate
648,CC,1.2038780141665484e-06,numeric
649,s,1.6555354595184326,true_boilerplate
650,),0.007154594175517559,true_boilerplate
651, at,6.089523792266846,true_boilerplate
652, a,0.5164811611175537,true_boilerplate
653, dose,0.007071593310683966,medical_vocabulary
654, of,0.0021217367611825466,true_boilerplate
655, ,0.00025502772768959403,true_boilerplate
656,5,1.9913519620895386,numeric
657,0,0.000880798208527267,numeric
658, units,1.0625611543655396,numeric
659, per,8.831360816955566,true_boilerplate
660, kil,3.2838149070739746,medical_vocabulary
661,ogram,0.0036366290878504515,medical_vocabulary
662, were,0.3087828457355499,true_boilerplate
663, given,1.4330151081085205,true_boilerplate
664, on,12.269808769226074,true_boilerplate
665, diagnosis,10.374759674072266,medical_vocabulary
666, of,3.4960391521453857,true_boilerplate
667, the,0.8514736294746399,true_boilerplate
668, ha,0.13120338320732117,medical_vocabulary
669,emat,0.0011647121282294393,clinical_entity
670,oma,-0.0,medical_vocabulary
671, for,11.149418830871582,true_boilerplate
672, the,4.196629524230957,true_boilerplate
673, reversal,0.26384228467941284,clinical_entity
674, of,0.001094941864721477,true_boilerplate
675, ant,0.24447722733020782,medical_vocabulary
676,ico,-0.0,medical_vocabulary
677,ag,6.879289685457479e-06,medical_vocabulary
678,ulation,0.016246188431978226,clinical_entity
679,.,0.05923156067728996,true_boilerplate
680, The,2.302535057067871,true_boilerplate
681, IN,11.797415733337402,true_boilerplate
682,R,3.250435474910773e-05,true_boilerplate
683, was,0.973442018032074,true_boilerplate
684, ,1.2732429504394531,true_boilerplate
685,1,7.177762031555176,numeric
686,.,1.848146677017212,true_boilerplate
687,1,5.67864465713501,numeric
688, when,7.085938930511475,true_boilerplate
689, repeated,9.43998908996582,medical_vocabulary
690, subsequently,12.958035469055176,medical_vocabulary
691, ,8.57043743133545,true_boilerplate
692,2,1.7558729648590088,numeric
693, hours,2.499864101409912,numeric
694, later,0.5146863460540771,clinical_entity
695,.,0.29111868143081665,true_boilerplate
696, Due,7.176915645599365,true_boilerplate
697, to,0.00030334549956023693,true_boilerplate
698, complications,10.738245964050293,medical_vocabulary
699, of,0.8323766589164734,true_boilerplate
700, a,8.01530647277832,true_boilerplate
701, ventilation,11.581757545471191,clinical_entity
702,-related,12.174901962280273,true_boilerplate
703, pneumonia,2.786536455154419,clinical_entity
704, the,5.586050987243652,true_boilerplate
705, patient,0.023942800238728523,medical_vocabulary
706, stayed,10.464747428894043,medical_vocabulary
707, in,0.21119898557662964,true_boilerplate
708, intensive,2.6552324295043945,medical_vocabulary
709, care,0.0009493757388554513,true_boilerplate
710, for,0.656967282295227,true_boilerplate
711, ,0.3027900755405426,true_boilerplate
712,1,1.770146369934082,numeric
713,0,1.260589599609375,numeric
714, days,0.009939130395650864,numeric
715, after,6.681060314178467,true_boilerplate
716, which,0.15167993307113647,true_boilerplate
717, she,0.02816322259604931,true_boilerplate
718, was,0.0362791046500206,true_boilerplate
719, ext,5.0926618576049805,medical_vocabulary
720,ub,1.2038780141665484e-06,medical_vocabulary
721,ated,1.5134394743654411e-05,clinical_entity
722, un,14.025041580200195,medical_vocabulary
723,event,0.00029371646814979613,true_boilerplate
724,fully,4.299559805076569e-06,medical_vocabulary
725,.,0.8757082223892212,true_boilerplate
726, A,4.759069919586182,true_boilerplate
727, decision,12.321142196655273,true_boilerplate
728, was,0.2231646180152893,true_boilerplate
729, made,0.10942642390727997,true_boilerplate
730, not,2.4063775539398193,true_boilerplate
731, to,0.00021152314729988575,true_boilerplate
732, recomm,8.225586891174316,medical_vocabulary
733,ence,5.486141890287399e-05,medical_vocabulary
734, ant,1.806249976158142,medical_vocabulary
735,ico,1.5478429986615083e-06,medical_vocabulary
736,ag,6.01938018007786e-06,medical_vocabulary
737,ulation,0.08752288669347763,clinical_entity
738, with,5.939916610717773,true_boilerplate
739, war,0.05410496145486832,true_boilerplate
740,far,5.159478746463719e-07,true_boilerplate
741,in,-0.0,true_boilerplate
742, due,1.8638356924057007,true_boilerplate
743, to,0.0006900013540871441,true_boilerplate
744, the,0.5316511988639832,true_boilerplate
745, past,14.22352123260498,true_boilerplate
746, history,0.28951364755630493,true_boilerplate
747, of,0.01599329337477684,true_boilerplate
748, recurrent,5.096763610839844,clinical_entity
749, inj,19.865381240844727,medical_vocabulary
750,urious,3.0712461471557617,clinical_entity
751, falls,0.0029942044056952,clinical_entity
752, and,1.6817103624343872,true_boilerplate
753, the,0.8901887536048889,true_boilerplate
754, high,4.674765586853027,true_boilerplate
755, risk,0.13215406239032745,clinical_entity
756, of,0.05779428407549858,true_boilerplate
757, complications,5.656611919403076,medical_vocabulary
758, from,1.8659189939498901,true_boilerplate
759, future,6.531866550445557,true_boilerplate
760, ha,1.2737106084823608,medical_vocabulary
761,em,0.020463380962610245,medical_vocabulary
762,orrh,0.00012536990107037127,clinical_entity
763,agic,3.5078158378601074,clinical_entity
764, events,0.09750895947217941,true_boilerplate
765,.,0.910446286201477,true_boilerplate
766, The,2.3918426036834717,true_boilerplate
767, patient,0.024809107184410095,medical_vocabulary
768, was,0.2693290412425995,true_boilerplate
769, commenced,7.627564430236816,medical_vocabulary
770, instead,11.7239351272583,true_boilerplate
771, on,0.005246067885309458,true_boilerplate
772, aspir,2.405043125152588,clinical_entity
773,in,4.127577540202765e-06,true_boilerplate
774, and,2.737839698791504,true_boilerplate
775, was,3.2715413570404053,true_boilerplate
776, discharged,0.8031056523323059,medical_vocabulary
777, two,7.522909641265869,true_boilerplate
778, weeks,0.06916717439889908,true_boilerplate
779, later,1.4684553146362305,clinical_entity
780, to,7.371785640716553,true_boilerplate
781, her,1.6761165857315063,true_boilerplate
782, own,5.182215690612793,true_boilerplate
783, home,0.007430603727698326,true_boilerplate
784,".

",0.6689842939376831,true_boilerplate
785,Discussion,0.0765664130449295,medical_vocabulary
786,"

",0.028587840497493744,true_boilerplate
787,Ha,6.99600076675415,medical_vocabulary
788,em,0.2906903624534607,medical_vocabulary
789,orrh,0.001318504218943417,clinical_entity
790,agic,5.272890090942383,clinical_entity
791, complications,0.16192439198493958,medical_vocabulary
792, from,3.556814670562744,true_boilerplate
793, war,3.6437788009643555,true_boilerplate
794,far,-0.0,true_boilerplate
795,in,-0.0,true_boilerplate
796, treatment,7.224863052368164,true_boilerplate
797, account,8.807040214538574,true_boilerplate
798, for,0.0005550532368943095,true_boilerplate
799, ,2.7804949283599854,true_boilerplate
800,1,1.9794325828552246,numeric
801,0,1.9300830364227295,numeric
802,.,7.221743583679199,true_boilerplate
803,5,1.9769049882888794,numeric
804,%,0.1376425325870514,numeric
805, of,0.02469600737094879,true_boilerplate
806, all,0.1360977739095688,true_boilerplate
807, adverse,4.335594654083252,medical_vocabulary
808, drug,1.8105400800704956,medical_vocabulary
809, reactions,0.8400708436965942,medical_vocabulary
810, resulting,11.48648738861084,medical_vocabulary
811, in,0.2332884818315506,true_boilerplate
812, hospital,0.3610113859176636,true_boilerplate
813, admissions,3.9532933235168457,medical_vocabulary
814,.,0.29419177770614624,true_boilerplate
815, Ble,3.0465078353881836,medical_vocabulary
816,eding,0.0010280899005010724,medical_vocabulary
817, is,2.097705602645874,true_boilerplate
818, more,4.517991542816162,true_boilerplate
819, likely,1.1460613012313843,true_boilerplate
820, to,0.7654720544815063,true_boilerplate
821, occur,0.04743947833776474,medical_vocabulary
822, with,4.4130401611328125,true_boilerplate
823, an,1.8135448694229126,true_boilerplate
824, IN,1.1911274194717407,true_boilerplate
825,R,1.7198254909089883e-06,true_boilerplate
826, greater,2.076566219329834,medical_vocabulary
827, than,0.0006609499105252326,true_boilerplate
828, ,0.007550709880888462,true_boilerplate
829,4,0.6673009395599365,numeric
830,.,0.04836047813296318,true_boilerplate
831,5,0.8243677616119385,numeric
832,.,0.4754745364189148,true_boilerplate
833, Older,14.221990585327148,medical_vocabulary
834, patients,0.7887781262397766,medical_vocabulary
835, are,0.7003859281539917,true_boilerplate
836, more,1.579430341720581,true_boilerplate
837, sensitive,9.829493522644043,medical_vocabulary
838, to,0.024758560582995415,true_boilerplate
839, the,0.8931077122688293,true_boilerplate
840, effects,2.3494977951049805,medical_vocabulary
841, of,0.0013423877535387874,true_boilerplate
842, war,0.7251379489898682,true_boilerplate
843,far,0.00035045805270783603,true_boilerplate
844,in,-0.0,true_boilerplate
845, and,1.3920800685882568,true_boilerplate
846, are,1.8125139474868774,true_boilerplate
847, more,1.531246304512024,true_boilerplate
848, likely,0.5712140202522278,true_boilerplate
849, to,0.002168274950236082,true_boilerplate
850, have,1.8216243982315063,true_boilerplate
851, bleeding,2.3676557540893555,medical_vocabulary
852, complications,0.24801383912563324,medical_vocabulary
853,.,0.2568604350090027,true_boilerplate
854, Ha,6.136204719543457,medical_vocabulary
855,em,0.5030466914176941,medical_vocabulary
856,orrh,0.0029677734710276127,clinical_entity
857,age,0.2851950526237488,true_boilerplate
858, related,11.05262279510498,clinical_entity
859, to,0.0014939274406060576,true_boilerplate
860, ant,1.259918212890625,medical_vocabulary
861,ico,1.7198254909089883e-06,medical_vocabulary
862,ag,0.0007690733764320612,medical_vocabulary
863,ulation,0.45878568291664124,clinical_entity
864, is,1.2588865756988525,true_boilerplate
865, most,3.3677139282226562,true_boilerplate
866, commonly,0.39147043228149414,medical_vocabulary
867, observed,5.4763336181640625,medical_vocabulary
868, in,0.03317931666970253,true_boilerplate
869, the,0.045165061950683594,true_boilerplate
870, gastrointestinal,0.2636948823928833,medical_vocabulary
871, tract,0.10102766007184982,medical_vocabulary
872,",",0.5445605516433716,true_boilerplate
873, sub,10.069365501403809,medical_vocabulary
874,cut,1.8972070217132568,true_boilerplate
875,aneous,0.004460175987333059,medical_vocabulary
876, tissue,0.994309663772583,medical_vocabulary
877, and,1.9137012958526611,true_boilerplate
878, intr,3.3197405338287354,medical_vocabulary
879,ac,2.0465789930312894e-05,medical_vocabulary
880,ran,0.029638223350048065,medical_vocabulary
881,ially,8.300081253051758,medical_vocabulary
882,.,0.4219013452529907,true_boilerplate
883, Although,5.03915548324585,true_boilerplate
884, there,8.994088172912598,true_boilerplate
885, is,2.12886905670166,true_boilerplate
886, limited,3.969874382019043,true_boilerplate
887, data,1.8972011804580688,true_boilerplate
888, regarding,3.6093411445617676,medical_vocabulary
889, bleeding,4.312620639801025,medical_vocabulary
890, risk,12.960639953613281,clinical_entity
891, for,7.990162372589111,true_boilerplate
892, ant,8.187085151672363,medical_vocabulary
893,ico,5.503434294951148e-06,medical_vocabulary
894,ag,8.255143256974407e-06,medical_vocabulary
895,ulated,0.1814747154712677,medical_vocabulary
896, patients,0.01244739443063736,medical_vocabulary
897, who,8.395432472229004,true_boilerplate
898, fall,1.9605897665023804,clinical_entity
899,",",0.13989540934562683,true_boilerplate
900, national,17.564228057861328,true_boilerplate
901, consensus,9.948272705078125,medical_vocabulary
902, guidelines,1.3438984155654907,medical_vocabulary
903, include,9.074627876281738,true_boilerplate
904, recurrent,13.109142303466797,clinical_entity
905, or,8.377998352050781,true_boilerplate
906, inj,4.33087158203125,medical_vocabulary
907,urious,1.3414583918347489e-05,clinical_entity
908, falls,0.052969466894865036,clinical_entity
909, as,0.12126363068819046,true_boilerplate
910, risk,5.890468120574951,clinical_entity
911, factors,0.04801683500409126,medical_vocabulary
912, for,0.25484928488731384,true_boilerplate
913, ha,3.170583963394165,medical_vocabulary
914,em,0.0487096942961216,medical_vocabulary
915,orrh,2.235772626590915e-06,clinical_entity
916,agic,0.5591288208961487,clinical_entity
917, complications,0.3483869731426239,medical_vocabulary
918, with,6.858932018280029,true_boilerplate
919, war,2.291755199432373,true_boilerplate
920,far,1.7198263435602712e-07,true_boilerplate
921,in,-0.0,true_boilerplate
922,.,0.5103647112846375,true_boilerplate
923, There,6.123647212982178,true_boilerplate
924, is,0.7694843411445618,true_boilerplate
925, no,2.3518171310424805,true_boilerplate
926, consensus,1.890769362449646,medical_vocabulary
927, on,0.785851240158081,true_boilerplate
928, ant,9.724510192871094,medical_vocabulary
929,ico,0.00015391626220662147,medical_vocabulary
930,ag,-0.0,medical_vocabulary
931,ulation,0.3643782138824463,clinical_entity
932, reversal,0.5834987163543701,clinical_entity
933, for,2.926647901535034,true_boilerplate
934, patients,5.090994358062744,medical_vocabulary
935, presenting,4.521215915679932,medical_vocabulary
936, with,0.006245255470275879,true_boilerplate
937, minor,10.216774940490723,medical_vocabulary
938, head,4.98422908782959,clinical_entity
939, trauma,0.9893395304679871,medical_vocabulary
940, although,9.9766845703125,true_boilerplate
941, one,8.995451927185059,true_boilerplate
942, recent,4.426468372344971,true_boilerplate
943, study,0.5338236093521118,true_boilerplate
944, suggests,1.8173822164535522,medical_vocabulary
945, that,0.2152281403541565,true_boilerplate
946, all,9.264405250549316,true_boilerplate
947, traumatic,11.832958221435547,medical_vocabulary
948, brain,2.5326340198516846,medical_vocabulary
949, injured,7.31503963470459,medical_vocabulary
950, patients,0.059396617114543915,medical_vocabulary
951, who,5.811532974243164,true_boilerplate
952, are,0.2224016636610031,true_boilerplate
953, sup,18.9118595123291,medical_vocabulary
954,rather,0.2765563726425171,true_boilerplate
955,apeut,13.705719947814941,medical_vocabulary
956,ically,0.03354079648852348,medical_vocabulary
957, ant,0.001277780975215137,medical_vocabulary
958,ico,1.7198263435602712e-07,medical_vocabulary
959,ag,3.6631838156608865e-05,medical_vocabulary
960,ulated,-0.0,medical_vocabulary
961, should,0.35111796855926514,true_boilerplate
962, be,0.7174701690673828,true_boilerplate
963, considered,2.3308932781219482,true_boilerplate
964, for,0.025766458362340927,true_boilerplate
965, reversal,0.2273021787405014,clinical_entity
966, of,2.9986753463745117,true_boilerplate
967, ant,0.04930499568581581,medical_vocabulary
968,ico,7.223090506158769e-05,medical_vocabulary
969,ag,0.00031950839911587536,medical_vocabulary
970,ulation,0.007939192466437817,clinical_entity
971,".

",2.929258108139038,true_boilerplate
972,R,0.7205407023429871,true_boilerplate
973,etro,4.299502325011417e-05,clinical_entity
974,ph,4.127577540202765e-06,medical_vocabulary
975,ary,-0.0,medical_vocabulary
976,nge,5.503434294951148e-06,medical_vocabulary
977,al,-0.0,true_boilerplate
978, ha,0.05798693373799324,medical_vocabulary
979,em,2.755880117416382,medical_vocabulary
980,atom,4.570496559143066,clinical_entity
981,as,6.672772724414244e-05,true_boilerplate
982, are,0.4326695501804352,true_boilerplate
983, uncommon,1.968149185180664,medical_vocabulary
984, but,3.0219526290893555,true_boilerplate
985, are,3.9487061500549316,true_boilerplate
986, a,2.4323439598083496,true_boilerplate
987, recognized,5.214968681335449,medical_vocabulary
988, complication,2.3365819454193115,medical_vocabulary
989, of,0.45443272590637207,true_boilerplate
990, cervical,7.575100898742676,medical_vocabulary
991, spine,4.248713493347168,medical_vocabulary
992, trauma,0.44651806354522705,medical_vocabulary
993,",",1.0604116916656494,true_boilerplate
994, great,17.387828826904297,true_boilerplate
995, vessel,0.027055896818637848,medical_vocabulary
996, trauma,4.90219259262085,medical_vocabulary
997,",",0.7660694718360901,true_boilerplate
998, foreign,10.286035537719727,true_boilerplate
999, body,0.20177799463272095,true_boilerplate
1000, ingestion,2.7326884269714355,medical_vocabulary
1001,",",0.5927433371543884,true_boilerplate
1002, violent,10.573403358459473,medical_vocabulary
1003, cough,0.23613466322422028,medical_vocabulary
1004,ing,0.21134188771247864,medical_vocabulary
1005, or,3.2520060539245605,true_boilerplate
1006, sne,5.756230354309082,medical_vocabulary
1007,ez,0.001323658972978592,medical_vocabulary
1008,ing,3.886755439452827e-05,medical_vocabulary
1009,",",0.4147183895111084,true_boilerplate
1010, retro,11.464548110961914,clinical_entity
1011,ph,0.0022278621327131987,medical_vocabulary
1012,ary,8.599129728281696e-07,medical_vocabulary
1013,nge,1.3586564818979241e-05,medical_vocabulary
1014,al,3.4396526871205424e-07,true_boilerplate
1015, infections,3.5025553703308105,medical_vocabulary
1016, and,1.2259901762008667,true_boilerplate
1017, i,6.944502353668213,true_boilerplate
1018,at,1.7198263435602712e-07,true_boilerplate
1019,rogen,1.719816282275133e-05,medical_vocabulary
1020,ic,0.0035618317779153585,medical_vocabulary
1021, injury,2.4815053939819336,medical_vocabulary
1022, after,12.766911506652832,true_boilerplate
1023, procedures,2.942796230316162,medical_vocabulary
1024, such,0.2960617244243622,true_boilerplate
1025, as,0.0024608634412288666,true_boilerplate
1026, internal,12.378446578979492,medical_vocabulary
1027, jug,0.014948241412639618,medical_vocabulary
1028,ular,1.2038780141665484e-06,clinical_entity
1029, line,4.963134288787842,true_boilerplate
1030, insertion,0.9074440598487854,medical_vocabulary
1031,.,0.5597919225692749,true_boilerplate
1032, Eight,15.480384826660156,true_boilerplate
1033,een,6.19108772277832,medical_vocabulary
1034, cases,2.9889190196990967,true_boilerplate
1035, of,0.28772956132888794,true_boilerplate
1036, retro,0.1631757766008377,clinical_entity
1037,ph,4.127577540202765e-06,medical_vocabulary
1038,ary,2.9236753107397817e-05,medical_vocabulary
1039,nge,6.879304237372708e-07,medical_vocabulary
1040,al,-0.0,true_boilerplate
1041, ha,0.011320256628096104,medical_vocabulary
1042,emat,1.0006608963012695,clinical_entity
1043,oma,0.00012279038492124528,medical_vocabulary
1044, secondary,5.9534592628479,medical_vocabulary
1045, to,0.0002453983761370182,true_boilerplate
1046, oral,6.453932285308838,medical_vocabulary
1047, ant,0.0010846307268366218,medical_vocabulary
1048,ico,-0.0,medical_vocabulary
1049,ag,2.235772626590915e-06,medical_vocabulary
1050,ulation,0.0946221873164177,clinical_entity
1051, have,0.2497618943452835,true_boilerplate
1052, been,0.009517700411379337,true_boilerplate
1053, previously,5.263169288635254,medical_vocabulary
1054, reported,0.2204398810863495,true_boilerplate
1055,.,1.2883340120315552,true_boilerplate
1056, Ble,7.760885715484619,medical_vocabulary
1057,eding,0.00021857337560504675,medical_vocabulary
1058, may,6.199155330657959,true_boilerplate
1059, be,2.4060394763946533,true_boilerplate
1060, spontaneous,4.07171106338501,medical_vocabulary
1061, or,0.41866037249565125,true_boilerplate
1062, occur,4.578191757202148,medical_vocabulary
1063, after,1.6589503288269043,true_boilerplate
1064, minor,0.5813531279563904,medical_vocabulary
1065, trauma,0.04411541670560837,medical_vocabulary
1066, such,4.542774677276611,true_boilerplate
1067, as,0.0019663129933178425,true_boilerplate
1068, falls,3.706979990005493,clinical_entity
1069,.,0.9791579246520996,true_boilerplate
1070, Ha,6.028995037078857,medical_vocabulary
1071,em,0.3638071119785309,medical_vocabulary
1072,atom,2.915546417236328,clinical_entity
1073,as,0.00029268479556776583,true_boilerplate
1074, in,1.404634952545166,true_boilerplate
1075, the,0.8968059420585632,true_boilerplate
1076, retro,0.010202141478657722,clinical_entity
1077,ph,1.530637382529676e-05,medical_vocabulary
1078,ary,1.2038780141665484e-06,medical_vocabulary
1079,nge,1.719816282275133e-05,medical_vocabulary
1080,al,-0.0,true_boilerplate
1081, space,0.07712391763925552,true_boilerplate
1082, can,1.1128473281860352,true_boilerplate
1083, expand,1.5199527740478516,medical_vocabulary
1084, rapidly,0.33853983879089355,medical_vocabulary
1085, causing,6.78397274017334,medical_vocabulary
1086, obstruction,5.39154577255249,medical_vocabulary
1087, of,0.20082901418209076,true_boilerplate
1088, the,0.06695059686899185,true_boilerplate
1089, ph,9.432103157043457,medical_vocabulary
1090,ary,8.599129728281696e-07,medical_vocabulary
1091,nx,0.07058858871459961,medical_vocabulary
1092,",",2.8632559776306152,true_boilerplate
1093, l,0.4614964425563812,numeric
1094,ary,4.299559805076569e-06,medical_vocabulary
1095,nx,0.0002323298540432006,medical_vocabulary
1096,",",2.529867172241211,true_boilerplate
1097, o,11.6812105178833,true_boilerplate
1098,es,2.7860918635269627e-05,medical_vocabulary
1099,oph,0.002052527852356434,medical_vocabulary
1100,agus,5.984871677355841e-05,medical_vocabulary
1101, and,0.8964023590087891,true_boilerplate
1102, tr,0.20072606205940247,medical_vocabulary
1103,ache,7.395234661089489e-06,clinical_entity
1104,a,0.00033360777888447046,true_boilerplate
1105,.,0.6374325752258301,true_boilerplate
1106, Patients,6.520235061645508,medical_vocabulary
1107, may,1.0281521081924438,true_boilerplate
1108, present,0.16020965576171875,clinical_entity
1109, with,0.011434238404035568,true_boilerplate
1110, a,6.0384626388549805,true_boilerplate
1111, sore,6.0579023361206055,medical_vocabulary
1112, throat,0.0036615037824958563,medical_vocabulary
1113,",",0.06751379370689392,true_boilerplate
1114, ho,5.24046516418457,medical_vocabulary
1115,arse,5.620126724243164,medical_vocabulary
1116, voice,0.0015580090694129467,true_boilerplate
1117,",",0.09911757707595825,true_boilerplate
1118, dys,1.4127575159072876,medical_vocabulary
1119,ph,0.18366187810897827,medical_vocabulary
1120,ag,0.0343620628118515,medical_vocabulary
1121,ia,-0.0,medical_vocabulary
1122,",",0.329642653465271,true_boilerplate
1123, od,6.111847877502441,medical_vocabulary
1124,yn,0.0001578714291099459,medical_vocabulary
1125,oph,4.84982920170296e-05,medical_vocabulary
1126,ag,3.4396489354548976e-06,medical_vocabulary
1127,ia,-0.0,medical_vocabulary
1128,",",0.2737385332584381,true_boilerplate
1129, dro,8.440163612365723,medical_vocabulary
1130,oling,0.0009282355895265937,medical_vocabulary
1131,",",0.44109392166137695,true_boilerplate
1132, or,5.448314189910889,true_boilerplate
1133, overt,16.83206558227539,medical_vocabulary
1134, str,4.433715343475342,medical_vocabulary
1135,idor,8.8740314822644e-05,clinical_entity
1136,.,0.3201157748699188,true_boilerplate
1137, T,10.133177757263184,true_boilerplate
1138,end,1.8519887924194336,true_boilerplate
1139,erness,2.614112599985674e-05,medical_vocabulary
1140,",",3.067460536956787,true_boilerplate
1141, swelling,1.758743405342102,medical_vocabulary
1142, or,4.284542083740234,true_boilerplate
1143, bru,1.7975236177444458,medical_vocabulary
1144,ising,4.505875040194951e-05,clinical_entity
1145, of,1.2290332317352295,true_boilerplate
1146, the,0.0021195041481405497,true_boilerplate
1147, neck,0.3912506699562073,clinical_entity
1148, may,1.4018253087997437,true_boilerplate
1149, be,0.541885495185852,true_boilerplate
1150, evident,5.084890365600586,medical_vocabulary
1151,".

",5.061959266662598,true_boilerplate
1152,N,11.216097831726074,true_boilerplate
1153,aso,2.1901345252990723,medical_vocabulary
1154,end,0.0025870497338473797,true_boilerplate
1155,os,0.007732562255114317,medical_vocabulary
1156,copy,5.159478746463719e-07,medical_vocabulary
1157, may,7.6531081199646,true_boilerplate
1158, show,4.443230628967285,true_boilerplate
1159, bul,5.785017490386963,medical_vocabulary
1160,ging,0.12084661424160004,medical_vocabulary
1161, of,0.3533151149749756,true_boilerplate
1162, the,0.008277637884020805,true_boilerplate
1163, posterior,0.916197657585144,medical_vocabulary
1164, ph,0.04130655154585838,medical_vocabulary
1165,ary,6.879304237372708e-07,medical_vocabulary
1166,nx,4.057038307189941,medical_vocabulary
1167, wall,9.962059020996094,true_boilerplate
1168,.,3.6691534519195557,true_boilerplate
1169, Un,11.308891296386719,medical_vocabulary
1170,stable,4.839367866516113,medical_vocabulary
1171, patients,2.548515558242798,medical_vocabulary
1172, with,2.1428325176239014,true_boilerplate
1173, dys,10.108100891113281,medical_vocabulary
1174,p,0.002169477054849267,true_boilerplate
1175,no,0.12841415405273438,true_boilerplate
1176,ea,0.00048439379315823317,medical_vocabulary
1177, and,1.4736305475234985,true_boilerplate
1178, hyp,6.114459037780762,medical_vocabulary
1179,ox,0.026427701115608215,medical_vocabulary
1180,ia,0.040191877633333206,medical_vocabulary
1181, should,1.6273514032363892,true_boilerplate
1182, be,0.17711853981018066,true_boilerplate
1183, evaluated,9.185919761657715,medical_vocabulary
1184, immediately,2.8334553241729736,medical_vocabulary
1185, and,3.5518136024475098,true_boilerplate
1186, considered,6.6503143310546875,true_boilerplate
1187, for,0.008990184403955936,true_boilerplate
1188, int,0.503243088722229,medical_vocabulary
1189,ub,1.0318955219190684e-06,medical_vocabulary
1190,ation,9.115051398111973e-06,clinical_entity
1191, to,7.229095935821533,true_boilerplate
1192, protect,4.977436542510986,medical_vocabulary
1193, the,0.19775857031345367,true_boilerplate
1194, air,0.018946712836623192,true_boilerplate
1195,way,0.0007597912335768342,true_boilerplate
1196, from,13.141844749450684,true_boilerplate
1197, obstruction,5.151044845581055,medical_vocabulary
1198,.,0.1277267336845398,true_boilerplate
1199, CT,2.0574750900268555,medical_vocabulary
1200, of,4.420247554779053,true_boilerplate
1201, the,0.006072293035686016,true_boilerplate
1202, neck,0.013574846088886261,clinical_entity
1203, and,5.903570175170898,true_boilerplate
1204, medi,9.602334976196289,medical_vocabulary
1205,ast,3.4396526871205424e-07,medical_vocabulary
1206,in,0.001019840594381094,true_boilerplate
1207,um,0.004228183068335056,medical_vocabulary
1208, is,0.24326087534427643,true_boilerplate
1209, diagnostic,7.941229343414307,medical_vocabulary
1210, and,0.7558073997497559,true_boilerplate
1211, will,5.408566474914551,true_boilerplate
1212, show,1.2208776473999023,true_boilerplate
1213, the,1.0815070867538452,true_boilerplate
1214, extent,1.380823016166687,medical_vocabulary
1215, of,0.27181321382522583,true_boilerplate
1216, ha,2.201568365097046,medical_vocabulary
1217,emat,0.010989521630108356,clinical_entity
1218,oma,3.267666670581093e-06,medical_vocabulary
1219, and,1.2882519960403442,true_boilerplate
1220, its,1.4893001317977905,true_boilerplate
1221, proximity,5.52449893951416,medical_vocabulary
1222, to,0.001987266121432185,true_boilerplate
1223, other,10.976922988891602,true_boilerplate
1224, structures,0.46687939763069153,medical_vocabulary
1225, within,12.615785598754883,true_boilerplate
1226, the,0.007855209521949291,true_boilerplate
1227, neck,1.4489524364471436,clinical_entity
1228,".

",3.9948861598968506,true_boilerplate
1229,Most,9.332900047302246,true_boilerplate
1230, patients,2.701735496520996,medical_vocabulary
1231, with,0.3815762400627136,true_boilerplate
1232, retro,0.32467663288116455,clinical_entity
1233,ph,5.159478746463719e-07,medical_vocabulary
1234,ary,5.503434294951148e-06,medical_vocabulary
1235,nge,-0.0,medical_vocabulary
1236,al,-0.0,true_boilerplate
1237, ha,0.006832316983491182,medical_vocabulary
1238,emat,0.5586788654327393,clinical_entity
1239,oma,0.0006133317365311086,medical_vocabulary
1240, are,2.601142168045044,true_boilerplate
1241, managed,0.8866360783576965,medical_vocabulary
1242, conserv,1.5982030630111694,medical_vocabulary
1243,atively,1.7198263435602712e-07,medical_vocabulary
1244,.,2.858855962753296,true_boilerplate
1245, The,3.3320488929748535,true_boilerplate
1246, ha,1.1197566986083984,medical_vocabulary
1247,emat,0.03799160197377205,clinical_entity
1248,oma,8.340917702298611e-05,medical_vocabulary
1249, will,3.6690709590911865,true_boilerplate
1250, usually,2.6525368690490723,true_boilerplate
1251, resolve,0.1026584729552269,medical_vocabulary
1252, with,3.5042641162872314,true_boilerplate
1253, conservative,6.103074073791504,medical_vocabulary
1254, management,0.3526272773742676,true_boilerplate
1255, but,7.267607688903809,true_boilerplate
1256, can,4.135550498962402,true_boilerplate
1257, take,4.456433296203613,true_boilerplate
1258, several,1.9063340425491333,true_boilerplate
1259, weeks,0.11036477982997894,true_boilerplate
1260,.,0.41813287138938904,true_boilerplate
1261, In,2.9882285594940186,true_boilerplate
1262, almost,18.259933471679688,true_boilerplate
1263, all,0.12209698557853699,true_boilerplate
1264, of,7.950279235839844,true_boilerplate
1265, the,0.34683385491371155,true_boilerplate
1266, previously,1.7441781759262085,medical_vocabulary
1267, published,6.0341410636901855,true_boilerplate
1268, cases,0.23699180781841278,true_boilerplate
1269, either,13.378331184387207,true_boilerplate
1270, vitamin,5.397841453552246,clinical_entity
1271, K,0.0025085925590246916,medical_vocabulary
1272, or,0.10590562224388123,true_boilerplate
1273, a,8.027815818786621,true_boilerplate
1274, combination,2.5683774948120117,medical_vocabulary
1275, of,0.04220659285783768,true_boilerplate
1276, either,12.697625160217285,true_boilerplate
1277, vitamin,0.2204456329345703,clinical_entity
1278, K,0.0003860493889078498,medical_vocabulary
1279, and,0.5757405757904053,true_boilerplate
1280, Fresh,10.424967765808105,medical_vocabulary
1281, Frozen,0.028138261288404465,medical_vocabulary
1282, Plasma,0.0013368894578889012,medical_vocabulary
1283, (,0.22616006433963776,true_boilerplate
1284,FF,6.466402555815876e-05,medical_vocabulary
1285,P,0.000122274475870654,true_boilerplate
1286,),0.2919086813926697,true_boilerplate
1287, or,1.251915454864502,true_boilerplate
1288, P,0.9318615794181824,true_boilerplate
1289,CC,8.255143256974407e-06,numeric
1290,s,0.16347801685333252,true_boilerplate
1291, were,1.3362901210784912,true_boilerplate
1292, used,0.09978151321411133,true_boilerplate
1293,.,3.958862066268921,true_boilerplate
1294, British,15.058228492736816,true_boilerplate
1295, Committee,5.669286251068115,true_boilerplate
1296, for,0.02539508417248726,true_boilerplate
1297, Standards,0.007226297166198492,medical_vocabulary
1298, in,0.0018526110798120499,true_boilerplate
1299, Ha,0.0025362332817167044,medical_vocabulary
1300,emat,0.004047603812068701,clinical_entity
1301,ology,9.287033208238427e-06,medical_vocabulary
1302, Guidelines,10.725815773010254,medical_vocabulary
1303, recommend,1.2646914720535278,medical_vocabulary
1304, reversal,3.962559938430786,clinical_entity
1305, of,0.09937252849340439,true_boilerplate
1306, ant,0.2155272215604782,medical_vocabulary
1307,ico,3.4396526871205424e-07,medical_vocabulary
1308,ag,1.8918078694696305e-06,medical_vocabulary
1309,ulation,0.008653786033391953,clinical_entity
1310, in,1.700060486793518,true_boilerplate
1311, major,7.064273357391357,true_boilerplate
1312, bleeding,2.4163520336151123,medical_vocabulary
1313, using,6.312349796295166,true_boilerplate
1314, factor,10.741402626037598,medical_vocabulary
1315, concentrate,4.772276878356934,clinical_entity
1316, and,4.927337169647217,true_boilerplate
1317, vitamin,1.4462357759475708,clinical_entity
1318, K,0.0006989401299506426,medical_vocabulary
1319,.,0.38288071751594543,true_boilerplate
1320, P,3.376948118209839,true_boilerplate
1321,CC,5.623722972813994e-05,numeric
1322,s,0.07230600714683533,true_boilerplate
1323, are,0.9639481902122498,true_boilerplate
1324, recommended,3.783998727798462,medical_vocabulary
1325, in,2.4324467182159424,true_boilerplate
1326, preference,9.78972053527832,medical_vocabulary
1327, to,0.1826133280992508,true_boilerplate
1328, F,0.0392514169216156,true_boilerplate
1329,FP,2.8376858608680777e-05,medical_vocabulary
1330, as,2.130775213241577,true_boilerplate
1331, complete,18.55557632446289,true_boilerplate
1332, and,6.798443794250488,true_boilerplate
1333, rapid,0.2724626362323761,medical_vocabulary
1334, reversal,0.3100736737251282,clinical_entity
1335, is,1.3590848445892334,true_boilerplate
1336, more,3.6592490673065186,true_boilerplate
1337, readily,4.923490047454834,medical_vocabulary
1338, achieved,0.3250731825828552,medical_vocabulary
1339,",",6.0878520011901855,true_boilerplate
1340, usually,13.452701568603516,true_boilerplate
1341, within,0.17641712725162506,true_boilerplate
1342, ,0.3035767674446106,true_boilerplate
1343,1,1.5562293529510498,numeric
1344,0,8.027461051940918,numeric
1345,-,3.051439046859741,medical_vocabulary
1346,1,0.37615665793418884,numeric
1347,5,0.5772530436515808,numeric
1348, minutes,0.046644605696201324,true_boilerplate
1349,",",2.9302234649658203,true_boilerplate
1350, without,5.212189197540283,true_boilerplate
1351, the,0.5819023251533508,true_boilerplate
1352, need,0.3629952073097229,true_boilerplate
1353, for,0.11414629966020584,true_boilerplate
1354, blood,3.836419105529785,clinical_entity
1355, group,3.09344744682312,true_boilerplate
1356, typing,3.4704484939575195,medical_vocabulary
1357, and,1.7063589096069336,true_boilerplate
1358, thaw,17.082136154174805,medical_vocabulary
1359,ing,0.000388112646760419,medical_vocabulary
1360, before,13.440530776977539,true_boilerplate
1361, it,13.472655296325684,true_boilerplate
1362, can,0.5830065011978149,true_boilerplate
1363, be,0.0002748020924627781,true_boilerplate
1364, used,1.188458800315857,true_boilerplate
1365,.,0.5693444013595581,true_boilerplate
1366, Occasionally,14.574983596801758,medical_vocabulary
1367, surgical,7.494189262390137,medical_vocabulary
1368, drainage,1.9003347158432007,medical_vocabulary
1369, is,1.8961504697799683,true_boilerplate
1370, required,0.49916204810142517,true_boilerplate
1371, if,1.5144720077514648,true_boilerplate
1372, the,0.3564099073410034,true_boilerplate
1373, ha,0.053356513381004333,medical_vocabulary
1374,emat,0.002172567881643772,clinical_entity
1375,oma,3.0956844057072885e-06,medical_vocabulary
1376, is,0.14320240914821625,true_boilerplate
1377, very,3.9896492958068848,true_boilerplate
1378, large,0.006882126908749342,true_boilerplate
1379, or,1.3453962802886963,true_boilerplate
1380, imp,9.168830871582031,medical_vocabulary
1381,eding,1.7989592552185059,medical_vocabulary
1382, mechanical,14.998703002929688,clinical_entity
1383, ventilation,0.0033928367774933577,clinical_entity
1384,.,1.1699131727218628,true_boilerplate
1385, Late,14.908564567565918,clinical_entity
1386, complications,0.27497154474258423,medical_vocabulary
1387, include,0.987799882888794,true_boilerplate
1388, non,15.467466354370117,true_boilerplate
1389,-res,4.032947063446045,medical_vocabulary
1390,olving,0.08478925377130508,medical_vocabulary
1391, ha,0.1603318601846695,medical_vocabulary
1392,emat,1.1926387548446655,clinical_entity
1393,oma,0.005099378060549498,medical_vocabulary
1394, or,4.3591437339782715,true_boilerplate
1395, abs,4.871156215667725,medical_vocabulary
1396,cess,1.3758546629105695e-05,medical_vocabulary
1397, formation,0.19174344837665558,medical_vocabulary
1398,.,2.122056484222412,true_boilerplate
1399, There,5.276352405548096,true_boilerplate
1400, is,0.2624890208244324,true_boilerplate
1401, little,7.2701029777526855,true_boilerplate
1402, consensus,5.000652313232422,medical_vocabulary
1403, in,4.505261421203613,true_boilerplate
1404, the,0.2818564772605896,true_boilerplate
1405, literature,0.7279394268989563,medical_vocabulary
1406, regarding,0.9319818019866943,medical_vocabulary
1407, the,0.5601681470870972,true_boilerplate
1408, use,3.1781508922576904,true_boilerplate
1409, of,0.0074241021648049355,true_boilerplate
1410, steroids,8.708083152770996,medical_vocabulary
1411, or,3.696956157684326,true_boilerplate
1412, proph,5.127562046051025,medical_vocabulary
1413,yl,5.15947021995089e-06,medical_vocabulary
1414,actic,0.049419671297073364,medical_vocabulary
1415, antibiotics,0.041723646223545074,medical_vocabulary
1416, in,1.4030019044876099,true_boilerplate
1417, patients,4.471107006072998,medical_vocabulary
1418, with,0.02598741464316845,true_boilerplate
1419, retro,0.05716843158006668,clinical_entity
1420,ph,2.751719648586004e-06,medical_vocabulary
1421,ary,0.0001458339102100581,medical_vocabulary
1422,nge,1.7198263435602712e-07,medical_vocabulary
1423,al,-0.0,true_boilerplate
1424, ha,0.006641621235758066,medical_vocabulary
1425,emat,0.40585052967071533,clinical_entity
1426,oma,0.00211709993891418,medical_vocabulary
1427,".

",1.467667579650879,true_boilerplate
1428,Conclusion,5.392984390258789,medical_vocabulary
1429,"

",0.0034213182516396046,true_boilerplate
1430,R,1.281011939048767,true_boilerplate
1431,etro,9.458736167289317e-05,clinical_entity
1432,ph,5.159478746463719e-07,medical_vocabulary
1433,ary,5.331452484824695e-06,medical_vocabulary
1434,nge,-0.0,medical_vocabulary
1435,al,-0.0,true_boilerplate
1436, ha,0.0020863600075244904,medical_vocabulary
1437,emat,0.038000982254743576,clinical_entity
1438,oma,0.00026087407604791224,medical_vocabulary
1439, should,6.131443023681641,true_boilerplate
1440, be,0.013506694696843624,true_boilerplate
1441, considered,0.14085876941680908,true_boilerplate
1442, in,0.37409132719039917,true_boilerplate
1443, ant,4.236632347106934,medical_vocabulary
1444,ico,-0.0,medical_vocabulary
1445,ag,-0.0,medical_vocabulary
1446,ulated,5.778501508757472e-05,medical_vocabulary
1447, patients,0.002012168988585472,medical_vocabulary
1448, presenting,1.7892138957977295,medical_vocabulary
1449, with,0.018308524042367935,true_boilerplate
1450, abrupt,10.750506401062012,medical_vocabulary
1451, respiratory,3.6427338123321533,clinical_entity
1452, distress,2.903430938720703,medical_vocabulary
1453, after,3.3739123344421387,true_boilerplate
1454, minor,0.7684080004692078,medical_vocabulary
1455, head,5.28667688369751,clinical_entity
1456, trauma,0.3004578649997711,medical_vocabulary
1457,.,0.5043631792068481,true_boilerplate
1458, It,3.890986442565918,true_boilerplate
1459, can,4.207513332366943,true_boilerplate
1460, result,6.533576965332031,true_boilerplate
1461, in,0.10279669612646103,true_boilerplate
1462, air,3.11692476272583,true_boilerplate
1463,way,5.0905968237202615e-05,true_boilerplate
1464, obstruction,0.8609601259231567,medical_vocabulary
1465,",",3.480989933013916,true_boilerplate
1466, which,2.4983110427856445,true_boilerplate
1467, can,2.7504961490631104,true_boilerplate
1468, be,0.21068412065505981,true_boilerplate
1469, life,0.36356693506240845,true_boilerplate
1470, threatening,1.4076530933380127,medical_vocabulary
1471,.,0.5338117480278015,true_boilerplate
1472, Urg,7.1766486167907715,medical_vocabulary
1473,ent,0.000136031856527552,medical_vocabulary
1474, assessment,5.036813735961914,medical_vocabulary
1475, for,7.61756706237793,true_boilerplate
1476, int,6.337349891662598,medical_vocabulary
1477,ub,-0.0,medical_vocabulary
1478,ation,1.2554678505694028e-05,clinical_entity
1479, and,1.1307238340377808,true_boilerplate
1480, ventilation,9.51909065246582,clinical_entity
1481, is,0.8957521915435791,true_boilerplate
1482, essential,2.264374017715454,medical_vocabulary
1483,.,0.641534149646759,true_boilerplate
1484, Correction,13.47639274597168,medical_vocabulary
1485, of,0.010510007850825787,true_boilerplate
1486, the,1.7894670963287354,true_boilerplate
1487, IN,2.163111686706543,true_boilerplate
1488,R,5.503434294951148e-06,true_boilerplate
1489, with,2.796546459197998,true_boilerplate
1490, vitamin,1.159104347229004,clinical_entity
1491, K,0.00019776647968683392,medical_vocabulary
1492, and,0.22376973927021027,true_boilerplate
1493, Pro,12.478337287902832,medical_vocabulary
1494,th,0.00019277965475339442,medical_vocabulary
1495,rom,-0.0,medical_vocabulary
1496,bin,-0.0,medical_vocabulary
1497, Complex,0.03175049647688866,clinical_entity
1498, Concent,0.030344005674123764,clinical_entity
1499,rates,0.4098808169364929,clinical_entity
1500, is,0.8601763844490051,true_boilerplate
1501, essential,2.8328464031219482,medical_vocabulary
1502,".
",12.577768325805664,true_boilerplate
